<?xml version="1.0" encoding="UTF-8"?>
<!DOCTYPE mapper PUBLIC "-//mybatis.org//DTD Mapper 3.0//EN" "http://mybatis.org/dtd/mybatis-3-mapper.dtd">
<mapper namespace="com.first.myspringboot.dao.PermessionMapper">
  <resultMap id="BaseResultMap" type="com.first.myspringboot.entity.Permession">
    <id column="id" jdbcType="VARCHAR" property="id" />
    <result column="role" jdbcType="VARCHAR" property="role" />
    <result column="permession" jdbcType="VARCHAR" property="permession" />
  </resultMap>
  <sql id="Base_Column_List">
    id, role, permession
  </sql>
  <select id="selectByPrimaryKey" parameterType="java.lang.String" resultMap="BaseResultMap">
    select 
    <include refid="Base_Column_List" />
    from permession
    where id = #{id,jdbcType=VARCHAR}
  </select>
  <delete id="deleteByPrimaryKey" parameterType="java.lang.String">
    delete from permession
    where id = #{id,jdbcType=VARCHAR}
  </delete>
  <insert id="insert" parameterType="com.first.myspringboot.entity.Permession">
    insert into permession (id, role, permession
      )
    values (#{id,jdbcType=VARCHAR}, #{role,jdbcType=VARCHAR}, #{permession,jdbcType=VARCHAR}
      )
  </insert>
  <insert id="insertSelective" parameterType="com.first.myspringboot.entity.Permession">
    insert into permession
    <trim prefix="(" suffix=")" suffixOverrides=",">
      <if test="id != null">
        id,
      </if>
      <if test="role != null">
        role,
      </if>
      <if test="permession != null">
        permession,
      </if>
    </trim>
    <trim prefix="values (" suffix=")" suffixOverrides=",">
      <if test="id != null">
        #{id,jdbcType=VARCHAR},
      </if>
      <if test="role != null">
        #{role,jdbcType=VARCHAR},
      </if>
      <if test="permession != null">
        #{permession,jdbcType=VARCHAR},
      </if>
    </trim>
  </insert>
  <update id="updateByPrimaryKeySelective" parameterType="com.first.myspringboot.entity.Permession">
    update permession
    <set>
      <if test="role != null">
        role = #{role,jdbcType=VARCHAR},
      </if>
      <if test="permession != null">
        permession = #{permession,jdbcType=VARCHAR},
      </if>
    </set>
    where id = #{id,jdbcType=VARCHAR}
  </update>
  <update id="updateByPrimaryKey" parameterType="com.first.myspringboot.entity.Permession">
    update permession
    set role = #{role,jdbcType=VARCHAR},
      permession = #{permession,jdbcType=VARCHAR}
    where id = #{id,jdbcType=VARCHAR}
  </update>
  <select id="selectPermessionByRole" parameterType="java.lang.String" resultType="java.lang.String">
    SELECT a.permession FROM permession a LEFT JOIN role b ON a.role=b.role
  </select>
</mapper>