<?xml version="1.0" encoding="UTF-8"?>
<!DOCTYPE mapper PUBLIC "-//mybatis.org//DTD Mapper 3.0//EN" "http://mybatis.org/dtd/mybatis-3-mapper.dtd">
<mapper namespace="com.first.myspringboot.dao.RoleMapper">
  <resultMap id="BaseResultMap" type="com.first.myspringboot.entity.Role">
    <id column="id" jdbcType="VARCHAR" property="id" />
    <result column="role" jdbcType="VARCHAR" property="role" />
    <result column="username" jdbcType="VARCHAR" property="username" />
  </resultMap>
  <sql id="Base_Column_List">
    id, role, username
  </sql>
  <select id="selectByPrimaryKey" parameterType="java.lang.String" resultMap="BaseResultMap">
    select 
    <include refid="Base_Column_List" />
    from role
    where id = #{id,jdbcType=VARCHAR}
  </select>
  <delete id="deleteByPrimaryKey" parameterType="java.lang.String">
    delete from role
    where id = #{id,jdbcType=VARCHAR}
  </delete>
  <insert id="insert" parameterType="com.first.myspringboot.entity.Role">
    insert into role (id, role, username
      )
    values (#{id,jdbcType=VARCHAR}, #{role,jdbcType=VARCHAR}, #{username,jdbcType=VARCHAR}
      )
  </insert>
  <insert id="insertSelective" parameterType="com.first.myspringboot.entity.Role">
    insert into role
    <trim prefix="(" suffix=")" suffixOverrides=",">
      <if test="id != null">
        id,
      </if>
      <if test="role != null">
        role,
      </if>
      <if test="username != null">
        username,
      </if>
    </trim>
    <trim prefix="values (" suffix=")" suffixOverrides=",">
      <if test="id != null">
        #{id,jdbcType=VARCHAR},
      </if>
      <if test="role != null">
        #{role,jdbcType=VARCHAR},
      </if>
      <if test="username != null">
        #{username,jdbcType=VARCHAR},
      </if>
    </trim>
  </insert>
  <update id="updateByPrimaryKeySelective" parameterType="com.first.myspringboot.entity.Role">
    update role
    <set>
      <if test="role != null">
        role = #{role,jdbcType=VARCHAR},
      </if>
      <if test="username != null">
        username = #{username,jdbcType=VARCHAR},
      </if>
    </set>
    where id = #{id,jdbcType=VARCHAR}
  </update>
  <update id="updateByPrimaryKey" parameterType="com.first.myspringboot.entity.Role">
    update role
    set role = #{role,jdbcType=VARCHAR},
      username = #{username,jdbcType=VARCHAR}
    where id = #{id,jdbcType=VARCHAR}
  </update>

  <select id="selectRoleByUsername" parameterType="java.lang.String" resultType="java.lang.String">
    SELECT a.role FROM role a LEFT JOIN user b ON a.username=b.username
  </select>
</mapper>